{
    "pH": {
        "0": 2.766,
        "1": 3.063,
        "2": 3.274,
        "3": 3.4549999999999996,
        "4": 3.5879999999999996,
        "5": 3.674000000000001,
        "6": 3.7529999999999992,
        "7": 3.8549999999999995,
        "8": 3.9189999999999996,
        "9": 3.9690000000000003,
        "10": 4.029999999999999,
        "11": 4.08,
        "12": 4.122999999999999,
        "13": 4.196,
        "14": 4.231000000000001,
        "15": 4.278999999999999,
        "16": 4.313999999999999,
        "17": 4.361,
        "18": 4.3839999999999995,
        "19": 4.4350000000000005
    },
    "acid": {
        "0": 0
    },
    "base": {
        "0": 0,
        "1": 0.1,
        "2": 0.2,
        "3": 0.30000000000000004,
        "4": 0.4,
        "5": 0.5,
        "6": 0.6,
        "7": 0.7,
        "8": 0.7999999999999999,
        "9": 0.8999999999999999,
        "10": 0.9999999999999999,
        "11": 1.0999999999999999,
        "12": 1.2,
        "13": 1.3,
        "14": 1.4000000000000001,
        "15": 1.5000000000000002,
        "16": 1.6000000000000003,
        "17": 1.7000000000000004,
        "18": 1.8000000000000005,
        "19": 1.9000000000000006
    }, 
    "NaOH_pH": 13.12
}