{
    "pH": {
        "0": 6.398000000000001,
        "1": 6.321,
        "2": 6.328,
        "3": 6.253000000000001,
        "4": 6.002000000000001,
        "5": 5.645
    },
    "acid": {
        "0": 0,
        "1": 0.05,
        "2": 0.1,
        "3": 0.15000000000000002,
        "4": 0.2,
        "5": 0.25
    },
    "base": {
        "0": 0
    }
}